<?xml version="1.0" encoding="UTF-8"?>
<!DOCTYPE configuration
PUBLIC "-//mybatis.org//DTD Config 3.0//EN"
"http://mybatis.org/dtd/mybatis-3-config.dtd">

<!-- MyBatis  DataSource에 대한 설정 및  SQL 정의 xml 에 대한 매핑-->
<configuration>	
	<!-- 사용할 클래스에 대한 별칭을 명시한다.  -->
	<typeAliases>
		<typeAlias type="carTalk.member.model.MemberVO" alias="mvo"/>	
		<typeAlias type="carTalk.talk.model.TalkBoardVO" alias="bvo"/>	
		<typeAlias type="carTalk.trade.model.TradeVO" alias="tradeVO" />
		<typeAlias type="carTalk.tradecomment.model.TradeCommentVO"
			alias="tradeCommentVO" />
		<typeAlias type="carTalk.trade.model.TradeFileVO"
			alias="rfvo" />
		<typeAlias type="carTalk.carpool.model.CarpoolVO" alias="cvo"/>
		<typeAlias type="carTalk.carpool.model.CarpoolLocationVO" alias="clvo"/>
		<typeAlias type="carTalk.carpool.model.CarpoolSearchVO" alias="csvo"/>
	</typeAliases>	
    <!-- sql mapping config xml 을 연결 -->
	<mappers>
		<mapper resource="mybatis/config/member.xml"/>		
		<mapper resource="mybatis/config/board.xml"/>	
		<mapper resource="mybatis/config/trade.xml" />
		<mapper resource="mybatis/config/trade-comment.xml" />
		<mapper resource="mybatis/config/trade-file.xml" />
		<mapper resource="mybatis/config/carpool.xml" />
	</mappers>
</configuration>










