<?xml version="1.0" encoding="UTF-8"?>
<!DOCTYPE mapper
PUBLIC "-//mybatis.org//DTD Mapper 3.0//EN"
"http://mybatis.org/dtd/mybatis-3-mapper.dtd">
<mapper namespace="tradeFile">
	<resultMap type="rfvo" id="tradeFileRM">
		<result property="tradeNo" column="trade_no"/>
		<result property="filePath" column="file_path"/>
		<result property="tradeFileNo" column="trade_file_no"/>
	</resultMap>
	<insert id="registerFile" parameterType="rfvo">
		insert into trade_file(trade_file_no,trade_no, file_path)
		values(trade_file_seq.nextval,#{tradeNo},#{filePath})
	</insert>
	<delete id="deleteFileByTradeNo" parameterType="int">
		delete from trade_file where trade_no=#{value}
	</delete>
</mapper> 		
 
 
 
 
 
 
 
 
 
 
 
 
 
 
 
















