<?xml version="1.0" encoding="UTF-8"?>
<!DOCTYPE mapper
PUBLIC "-//mybatis.org//DTD Mapper 3.0//EN"
"http://mybatis.org/dtd/mybatis-3-mapper.dtd">
<mapper namespace="tradeComment">
	<resultMap type="tradeCommentVO" id="tradeCommentRM">
		<result property="tradeCommentNo" column="trade_comment_no"/>
		<result property="tradeNo" column="trade_no"/>
		<result property="tradeCommentMemberId" column="trade_comment_member_id"/>
		<result property="tradeCommentContent" column="trade_comment_content"/>
		<result property="tradeCommentTimePosted" column="trade_comment_time_posted"/>
	</resultMap>
	<insert id="writeComment" parameterType="tradeCommentVO">
		insert into trade_comment( trade_no, trade_comment_member_id, trade_comment_content, trade_comment_time_posted)
		values( #{tradeNo}, #{tradeCommentMemberId}, #{tradeCommentContent}, sysdate())
	</insert>
	<select id="getAllCommentListByTradeNo" parameterType="int" resultMap="tradeCommentRM">
		select trade_comment_no, trade_no, trade_comment_member_id, trade_comment_content,  DATE_FORMAT(trade_comment_time_posted, '%Y-%m-%d') as trade_comment_time_posted 
		from trade_comment where trade_no=#{value}
		order by trade_comment_no
	</select>
	<update id="editComment" parameterType="tradeCommentVO">
		update trade_comment set trade_comment_content=#{tradeCommentContent} where trade_comment_no=#{tradeCommentNo}
	</update>
	<delete id="deleteComment" parameterType="int">
		delete from trade_comment where trade_comment_no=#{value}
	</delete>
</mapper> 		
 
 
 
 
 
 
 
 
 
 
 
 
 
