<?xml version="1.0" encoding="UTF-8"?>
<!DOCTYPE configuration
PUBLIC "-//mybatis.org//DTD Config 3.0//EN"
"http://mybatis.org/dtd/mybatis-3-config.dtd">

<!-- MyBatis  DataSource에 대한 설정 및  SQL 정의 xml 에 대한 매핑-->
<configuration>	
	<!-- 사용할 클래스에 대한 별칭을 명시한다.  -->
	<typeAliases>
		<typeAlias type="org.kosta.dashduowork.model.vo.MemberVO" alias="mvo"/>		
		<typeAlias type="org.kosta.dashduowork.model.vo.ProfilePicVO" alias="pvo"/>	
		<typeAlias type="org.kosta.dashduowork.model.vo.InnVO" alias="ivo"/>	
		<typeAlias type="org.kosta.dashduowork.model.vo.AmenityVO" alias="avo"/>
		<typeAlias type="org.kosta.dashduowork.model.vo.SearchVO" alias="svo"/>
		<typeAlias type="org.kosta.dashduowork.model.vo.BookVO" alias="bvo"/>
		<typeAlias type="org.kosta.dashduowork.model.vo.WishListVO" alias="wvo"/>
		<typeAlias type="org.kosta.dashduowork.model.vo.DeleteVO" alias="dvo"/>	
		<typeAlias type="org.kosta.dashduowork.model.vo.InnPicCompVO" alias="ipvo"/>	
		<typeAlias type="org.kosta.dashduowork.model.vo.AvailableDateVO" alias="avvo"/>
		<typeAlias type="org.kosta.dashduowork.model.vo.FilterVO" alias="fvo"/>
		<typeAlias type="org.kosta.dashduowork.model.vo.InnReservationVO" alias="irvo"/>
		<typeAlias type="org.kosta.dashduowork.model.vo.TradeVO" alias="tvo"/>	
		<typeAlias type="org.kosta.dashduowork.model.vo.InnRatingVO" alias="innratevo"/>
		<typeAlias type="org.kosta.dashduowork.model.vo.ReportVO" alias="reportvo"/>
		<typeAlias type="org.kosta.dashduowork.model.vo.CommentVO" alias="covo"/>	
		<typeAlias type="org.kosta.dashduowork.model.vo.CommentListVO" alias="clvo"/>	
	</typeAliases>	
<!--     sql mapping config xml 을 연결 -->
	<mappers>
		<mapper resource="mybatis/config/member.xml"/>		
		<mapper resource="mybatis/config/profilepic.xml"/>
		<mapper resource="mybatis/config/inn.xml"/>	
		<mapper resource="mybatis/config/innPic.xml"/>	
		<mapper resource="mybatis/config/availabledate.xml"/>	
		<mapper resource="mybatis/config/amenity.xml"/>
		<mapper resource="mybatis/config/delete.xml"/>	
			<mapper resource="mybatis/config/scheduler.xml"/>		
			<mapper resource="mybatis/config/rating.xml"/>	
			<mapper resource="mybatis/config/report.xml"/>
			<mapper resource="mybatis/config/comment.xml" />		
	</mappers>
</configuration>










